CATEGORIA,SUB CATEGORIA,MAQUINA,MEDIDAS (mm),TIPO MEDIDA,PESO (kg),FOB SHANGHAI (USD),SEÑA,COSTO CON IVA,VENT SIN IVA,VENT CON IVA,,URL Ficha PDF,
PLEGADORA,HIDRAULICA NC (TP10S),40T/1600mm,1800x1340x2000,Maquina,1200,5580,5859,11160,11614.479638009048,12833.999999999998,,https://drive.google.com/file/d/1u9s2f1hB_5Wo__GiGEb1ZkJXHYHoY5gV/view?usp=drive_link,
PLEGADORA,HIDRAULICA CNC (DA53TX),40T/1600mm,1800x1340x2000,Maquina,1200,12750,13387.5,25500,26538.461538461535,29324.999999999996,,https://drive.google.com/file/d/1u9s2f1hB_5Wo__GiGEb1ZkJXHYHoY5gV/view?usp=drive_link,
PLEGADORA,HIDRAULICA NC (TP10S),40T/2500mm,2700x1340x2000,Maquina,2300,5780,6069,11560,12030.769230769229,13293.999999999998,,https://drive.google.com/file/d/1u9s2f1hB_5Wo__GiGEb1ZkJXHYHoY5gV/view?usp=drive_link,
PLEGADORA,HIDRAULICA CNC (DA53TX),40T/2500mm,2700x1340x2000,Maquina,2300,14050,14752.5,28100,29244.343891402714,32314.999999999996,,https://drive.google.com/file/d/1u9s2f1hB_5Wo__GiGEb1ZkJXHYHoY5gV/view?usp=drive_link,
PLEGADORA,HIDRAULICA NC (TP10S),63T/2500mm,2700x1340x2250,Maquina,3600,7200,7560,14400,14986.425339366517,16560,,https://drive.google.com/file/d/1u9s2f1hB_5Wo__GiGEb1ZkJXHYHoY5gV/view?usp=drive_link,
PLEGADORA,HIDRAULICA CNC (DA53TX),63T/2500mm,2700x1340x2250,Maquina,3600,16580,17409,33160,34510.407239819004,38134,,https://drive.google.com/file/d/1u9s2f1hB_5Wo__GiGEb1ZkJXHYHoY5gV/view?usp=drive_link,
PLEGADORA,HIDRAULICA NC (TP10S),63T/3200mm,3400x1400x2250,Maquina,4000,8500,8925,17000,17692.30769230769,19550,,https://drive.google.com/file/d/1u9s2f1hB_5Wo__GiGEb1ZkJXHYHoY5gV/view?usp=drive_link,
PLEGADORA,HIDRAULICA NC (TP10S),80T/2500mm,2700x1450x2250,Maquina,4000,8600,9030,17200,17900.452488687784,19780,,https://drive.google.com/file/d/1u9s2f1hB_5Wo__GiGEb1ZkJXHYHoY5gV/view?usp=drive_link,
PLEGADORA,HIDRAULICA NC (TP10S),80T/3200mm,3400x1450x2250,Maquina,5000,9500,9975,19000,19773.7556561086,21850,,https://drive.google.com/file/d/1u9s2f1hB_5Wo__GiGEb1ZkJXHYHoY5gV/view?usp=drive_link,
PLEGADORA,HIDRAULICA NC (TP10S),100T/2500mm,2700x1500x2420,Maquina,5800,9120,9576,18240,18982.805429864253,20976,,https://drive.google.com/file/d/1u9s2f1hB_5Wo__GiGEb1ZkJXHYHoY5gV/view?usp=drive_link,
PLEGADORA,HIDRAULICA CNC (DA53TX),100T/2500mm,2700x1500x2420,Maquina,5800,19920,20916,39840,41462.44343891403,45816,,https://drive.google.com/file/d/1u9s2f1hB_5Wo__GiGEb1ZkJXHYHoY5gV/view?usp=drive_link,
PLEGADORA,HIDRAULICA NC (TP10S),100T/3200mm,3400x1500x2420,Maquina,6000,10200,10710,20400,21230.76923076923,23460,,https://drive.google.com/file/d/1u9s2f1hB_5Wo__GiGEb1ZkJXHYHoY5gV/view?usp=drive_link,
PLEGADORA,HIDRAULICA CNC (DA53TX),100T/3200mm,3400x1500x2420,Maquina,6000,20880,21924,41760,43460.63348416289,48023.99999999999,,https://drive.google.com/file/d/1u9s2f1hB_5Wo__GiGEb1ZkJXHYHoY5gV/view?usp=drive_link,
PLEGADORA,HIDRAULICA NC (TP10S),100T/4000mm,4200x1500x2420,Maquina,7800,11400,11970,22800,23728.506787330312,26219.999999999996,,https://drive.google.com/file/d/1u9s2f1hB_5Wo__GiGEb1ZkJXHYHoY5gV/view?usp=drive_link,
PLEGADORA,HIDRAULICA CNC (DA53TX),100T/4000mm,4200x1500x2420,Maquina,7800,21350,22417.5,42700,44438.914027149316,49104.99999999999,,https://drive.google.com/file/d/1u9s2f1hB_5Wo__GiGEb1ZkJXHYHoY5gV/view?usp=drive_link,
PLEGADORA,HIDRAULICA NC (TP10S),125T/2500mm,2700x1550x2450,Maquina,6500,9820,10311,19640,20439.81900452489,22586,,https://drive.google.com/file/d/1u9s2f1hB_5Wo__GiGEb1ZkJXHYHoY5gV/view?usp=drive_link,
PLEGADORA,HIDRAULICA CNC (DA53TX),125T/2500mm,2700x1550x2450,Maquina,6500,20750,21787.5,41500,43190.04524886877,47724.99999999999,,https://drive.google.com/file/d/1u9s2f1hB_5Wo__GiGEb1ZkJXHYHoY5gV/view?usp=drive_link,
PLEGADORA,HIDRAULICA NC (TP10S),125T/3200mm,3400x1550x2450,Maquina,7000,10520,11046,21040,21896.832579185517,24195.999999999996,,https://drive.google.com/file/d/1u9s2f1hB_5Wo__GiGEb1ZkJXHYHoY5gV/view?usp=drive_link,
PLEGADORA,HIDRAULICA CNC (DA53TX),125T/3200mm,3400x1550x2450,Maquina,7000,21760,22848,43520,45292.30769230769,50047.99999999999,,https://drive.google.com/file/d/1u9s2f1hB_5Wo__GiGEb1ZkJXHYHoY5gV/view?usp=drive_link,
PLEGADORA,HIDRAULICA NC (TP10S),125T/4000mm,4200x1550x2450,Maquina,8000,11800,12390,23600,24561.085972850677,27139.999999999996,,https://drive.google.com/file/d/1u9s2f1hB_5Wo__GiGEb1ZkJXHYHoY5gV/view?usp=drive_link,
PLEGADORA,HIDRAULICA CNC (DA53TX),125T/4000mm,4200x1550x2450,Maquina,8000,24390,25609.5,48780,50766.51583710407,56096.99999999999,,https://drive.google.com/file/d/1u9s2f1hB_5Wo__GiGEb1ZkJXHYHoY5gV/view?usp=drive_link,
PLEGADORA,HIDRAULICA NC (TP10S),160T/2500mm,2800x1700x2450,Maquina,7500,12300,12915,24600,25601.80995475113,28289.999999999996,,https://drive.google.com/file/d/1u9s2f1hB_5Wo__GiGEb1ZkJXHYHoY5gV/view?usp=drive_link,
PLEGADORA,HIDRAULICA CNC (DA53TX),160T/2500mm,2800x1700x2450,Maquina,7500,22630,23761.5,45260,47103.167420814476,52048.99999999999,,https://drive.google.com/file/d/1u9s2f1hB_5Wo__GiGEb1ZkJXHYHoY5gV/view?usp=drive_link,
PLEGADORA,HIDRAULICA NC (TP10S),160T/3200mm,3400x1700x2520,Maquina,8000,13350,14017.5,26700,27787.330316742078,30704.999999999996,,https://drive.google.com/file/d/1u9s2f1hB_5Wo__GiGEb1ZkJXHYHoY5gV/view?usp=drive_link,
PLEGADORA,HIDRAULICA CNC (DA53TX),160T/3200mm,3400x1700x2520,Maquina,8000,23500,24675,47000,48914.027149321264,54049.99999999999,,https://drive.google.com/file/d/1u9s2f1hB_5Wo__GiGEb1ZkJXHYHoY5gV/view?usp=drive_link,
PLEGADORA,HIDRAULICA NC (TP10S),160T/4000mm,4200x1700x2520,Maquina,9000,15100,15855,30200,31429.864253393665,34730,,https://drive.google.com/file/d/1u9s2f1hB_5Wo__GiGEb1ZkJXHYHoY5gV/view?usp=drive_link,
PLEGADORA,HIDRAULICA CNC (DA53TX),160T/4000mm,4200x1700x2520,Maquina,9000,27000,28350,54000,56199.09502262443,62099.99999999999,,https://drive.google.com/file/d/1u9s2f1hB_5Wo__GiGEb1ZkJXHYHoY5gV/view?usp=drive_link,
PLEGADORA,HIDRAULICA NC (TP10S),200T/3200mm,3400x1800x2550,Maquina,11000,18500,19425,37000,38506.78733031674,42550,,https://drive.google.com/file/d/1u9s2f1hB_5Wo__GiGEb1ZkJXHYHoY5gV/view?usp=drive_link,
PLEGADORA,HIDRAULICA CNC (DA53TX),200T/3200mm,3400x1800x2550,Maquina,11000,25300,26565,50600,52660.63348416289,58189.99999999999,,https://drive.google.com/file/d/1u9s2f1hB_5Wo__GiGEb1ZkJXHYHoY5gV/view?usp=drive_link,
PLEGADORA,HIDRAULICA NC (TP10S),200T/4000mm,4200x1800x2550,Maquina,13000,19990,20989.5,39980,41608.14479638009,45977,,https://drive.google.com/file/d/1u9s2f1hB_5Wo__GiGEb1ZkJXHYHoY5gV/view?usp=drive_link,
PLEGADORA,HIDRAULICA CNC (DA53TX),200T/4000mm,4200x1800x2550,Maquina,13000,27850,29242.5,55700,57968.3257918552,64054.99999999999,,https://drive.google.com/file/d/1u9s2f1hB_5Wo__GiGEb1ZkJXHYHoY5gV/view?usp=drive_link,
PLEGADORA,HIDRAULICA NC (TP10S),200T/6000mm,6200x1900x3100,Maquina,17000,28600,30030,57200,59529.41176470588,65780,,https://drive.google.com/file/d/1u9s2f1hB_5Wo__GiGEb1ZkJXHYHoY5gV/view?usp=drive_link,
PLEGADORA,HIDRAULICA CNC (DA53TX),200T/6000mm,6200x1900x3100,Maquina,17000,39280,41244,78560,81759.27601809955,90344,,https://drive.google.com/file/d/1u9s2f1hB_5Wo__GiGEb1ZkJXHYHoY5gV/view?usp=drive_link,
PLEGADORA,HIDRAULICA NC (TP10S),250T/3200mm,3400x1950x2800,Maquina,12000,19700,20685,39400,41004.52488687783,45310,,https://drive.google.com/file/d/1u9s2f1hB_5Wo__GiGEb1ZkJXHYHoY5gV/view?usp=drive_link,
PLEGADORA,HIDRAULICA CNC (DA53TX),250T/3200mm,3400x1950x2800,Maquina,12000,30580,32109,61160,63650.67873303167,70334,,https://drive.google.com/file/d/1u9s2f1hB_5Wo__GiGEb1ZkJXHYHoY5gV/view?usp=drive_link,
PLEGADORA,HIDRAULICA NC (TP10S),250T/4000mm,4200x1950x2800,Maquina,13000,21500,22575,43000,44751.13122171945,49449.99999999999,,https://drive.google.com/file/d/1u9s2f1hB_5Wo__GiGEb1ZkJXHYHoY5gV/view?usp=drive_link,
PLEGADORA,HIDRAULICA CNC (DA53TX),250T/4000mm,4200x1950x2800,Maquina,13000,34000,35700,68000,70769.23076923077,78200,,https://drive.google.com/file/d/1u9s2f1hB_5Wo__GiGEb1ZkJXHYHoY5gV/view?usp=drive_link,
PLEGADORA,HIDRAULICA NC (TP10S),300T/3200mm,3400x2000x3200,Maquina,14000,24700,25935,49400,51411.76470588235,56809.99999999999,,https://drive.google.com/file/d/1u9s2f1hB_5Wo__GiGEb1ZkJXHYHoY5gV/view?usp=drive_link,
PLEGADORA,HIDRAULICA CNC (DA53TX),300T/3200mm,3400x2000x3200,Maquina,14000,34000,35700,68000,70769.23076923077,78200,,https://drive.google.com/file/d/1u9s2f1hB_5Wo__GiGEb1ZkJXHYHoY5gV/view?usp=drive_link,
PLEGADORA,HIDRAULICA NC (TP10S),300T/4000mm,4200x2000x3200,Maquina,15000,26500,27825,53000,55158.37104072398,60949.99999999999,,https://drive.google.com/file/d/1u9s2f1hB_5Wo__GiGEb1ZkJXHYHoY5gV/view?usp=drive_link,
PLEGADORA,HIDRAULICA CNC (DA53TX),300T/4000mm,4200x2000x3200,Maquina,15000,38500,40425,77000,80135.74660633484,88550,,https://drive.google.com/file/d/1u9s2f1hB_5Wo__GiGEb1ZkJXHYHoY5gV/view?usp=drive_link,
PLEGADORA,HIDRAULICA NC (TP10S),300T/6000mm,6200x2300x3400,Maquina,24000,37880,39774,75760,78845.24886877828,87124,,https://drive.google.com/file/d/1u9s2f1hB_5Wo__GiGEb1ZkJXHYHoY5gV/view?usp=drive_link,
PLEGADORA,HIDRAULICA CNC (DA53TX),300T/6000mm,6200x2300x3400,Maquina,24000,47850,50242.5,95700,99597.2850678733,110054.99999999999,,https://drive.google.com/file/d/1u9s2f1hB_5Wo__GiGEb1ZkJXHYHoY5gV/view?usp=drive_link,
PLEGADORA,HIDRAULICA NC (TP10S),400T/3200mm,3400x2200x3200,Maquina,16000,33500,35175,67000,69728.50678733032,77050,,https://drive.google.com/file/d/1u9s2f1hB_5Wo__GiGEb1ZkJXHYHoY5gV/view?usp=drive_link,
PLEGADORA,HIDRAULICA NC (TP10S),400T/4000mm,4200x2500x3400,Maquina,21000,35080,36834,70160,73017.19457013575,80684,,https://drive.google.com/file/d/1u9s2f1hB_5Wo__GiGEb1ZkJXHYHoY5gV/view?usp=drive_link,
PLEGADORA,HIDRAULICA CNC (DA53TX),400T/4000mm,4200x2500x3400,Maquina,21000,47850,50242.5,95700,99597.2850678733,110054.99999999999,,https://drive.google.com/file/d/1u9s2f1hB_5Wo__GiGEb1ZkJXHYHoY5gV/view?usp=drive_link,
PLEGADORA,HIDRAULICA NC (TP10S),400T/6000mm,6200x2500x3600,Maquina,26000,44899,47143.950000000004,89798,93454.93212669683,103267.7,,https://drive.google.com/file/d/1u9s2f1hB_5Wo__GiGEb1ZkJXHYHoY5gV/view?usp=drive_link,
PLEGADORA,HIDRAULICA CNC (DA53TX),400T/6000mm,6200x2500x3600,Maquina,26000,56750,59587.5,113500,118122.17194570135,130524.99999999999,,https://drive.google.com/file/d/1u9s2f1hB_5Wo__GiGEb1ZkJXHYHoY5gV/view?usp=drive_link,
PLEGADORA,MANUAL,1.5x1300,2100x800x1400,Empaque,400,980,1029,1960,2039.8190045248869,2254,,https://drive.google.com/file/d/1FRG_VvTh-T0b_D0uIWNYJPMhzWXZuTEy/view?usp=drive_link,PM
PLEGADORA,ELECTRICA,1.5x1300,2100x800x1400,Empaque,400,1480,1554,2960,3080.542986425339,3403.9999999999995,,https://drive.google.com/file/d/1f0dGkEOplItk7yzAL1Si-ZKny4JI6_EX/view?usp=drive_link,PE
PLEGADORA,MANUAL,1.5x1500,2600x800x1300,Empaque,420,1180,1239,2360,2456.108597285068,2714,,https://drive.google.com/file/d/1FRG_VvTh-T0b_D0uIWNYJPMhzWXZuTEy/view?usp=drive_link,
PLEGADORA,ELECTRICA,1.5x1500,2600x800x1300,Empaque,420,1680,1764,3360,3496.83257918552,3863.9999999999995,,https://drive.google.com/file/d/1FRG_VvTh-T0b_D0uIWNYJPMhzWXZuTEy/view?usp=drive_link,
PLEGADORA,MANUAL,1.5x2000,3200x800x1300,Empaque,480,1300,1365,2600,2705.882352941176,2989.9999999999995,,https://drive.google.com/file/d/1FRG_VvTh-T0b_D0uIWNYJPMhzWXZuTEy/view?usp=drive_link,
PLEGADORA,ELECTRICA,1.5x2000,3200x800x1300,Empaque,480,1850,1942.5,3700,3850.6787330316743,4255,,https://drive.google.com/file/d/1f0dGkEOplItk7yzAL1Si-ZKny4JI6_EX/view?usp=drive_link,
PLEGADORA,MANUAL,1.5x2500,3400x800x1300,Empaque,600,1580,1659,3160,3288.6877828054294,3633.9999999999995,,https://drive.google.com/file/d/1FRG_VvTh-T0b_D0uIWNYJPMhzWXZuTEy/view?usp=drive_link,
PLEGADORA,ELECTRICA,1.5x2500,3400x800x1300,Empaque,600,1900,1995,3800,3954.7511312217193,4370,,https://drive.google.com/file/d/1f0dGkEOplItk7yzAL1Si-ZKny4JI6_EX/view?usp=drive_link,
PLEGADORA,ELECTRICA,2x2500,3400x780x1300,Empaque,620,2700,2835,5400,5619.909502262442,6209.999999999999,,https://drive.google.com/file/d/1f0dGkEOplItk7yzAL1Si-ZKny4JI6_EX/view?usp=drive_link,
PLEGADORA,MANUAL,1.0x3000,3800x800x1400,Empaque,660,2000,2100,4000,4162.89592760181,4600,,https://drive.google.com/file/d/1FRG_VvTh-T0b_D0uIWNYJPMhzWXZuTEy/view?usp=drive_link,
PLEGADORA,MANUAL,0.6x4000,4800x900x1400,Empaque,780,2650,2782.5,5300,5515.837104072398,6094.999999999999,,https://drive.google.com/file/d/1FRG_VvTh-T0b_D0uIWNYJPMhzWXZuTEy/view?usp=drive_link,
GUILLOTINA,HIDRAULICA SWING BEAM,4x2500,3100x1600x1950,Maquina,3100,5400,5670,10800,11239.819004524885,12419.999999999998,,https://drive.google.com/file/d/1ClazXrprJ5GH2t0YxR6KQ5tUwJctmU1l/view?usp=drive_link,
GUILLOTINA,HIDRAULICA GUILLOTINA,4x2500,3100x1600x1950,Maquina,3100,5780,6069,11560,12030.769230769229,13293.999999999998,,https://drive.google.com/file/d/1ClazXrprJ5GH2t0YxR6KQ5tUwJctmU1l/view?usp=drive_link,
GUILLOTINA,HIDRAULICA SWING BEAM,4x3200,3800x1600x1950,Maquina,4300,7180,7539,14360,14944.796380090498,16514,,https://drive.google.com/file/d/1ClazXrprJ5GH2t0YxR6KQ5tUwJctmU1l/view?usp=drive_link,
GUILLOTINA,HIDRAULICA GUILLOTINA,4x3200,3800x1600x1950,Maquina,4300,7510,7885.5,15020,15631.674208144797,17273,,https://drive.google.com/file/d/1ClazXrprJ5GH2t0YxR6KQ5tUwJctmU1l/view?usp=drive_link,
GUILLOTINA,HIDRAULICA SWING BEAM,4x4000,4600x1600x1950,Maquina,6000,9260,9723,18520,19274.20814479638,21298,,https://drive.google.com/file/d/1ClazXrprJ5GH2t0YxR6KQ5tUwJctmU1l/view?usp=drive_link,
GUILLOTINA,HIDRAULICA GUILLOTINA,4x4000,4600x1600x1950,Maquina,6000,9780,10269,19560,20356.56108597285,22494,,https://drive.google.com/file/d/1ClazXrprJ5GH2t0YxR6KQ5tUwJctmU1l/view?usp=drive_link,
GUILLOTINA,HIDRAULICA SWING BEAM,6x2500,3100x1700x1950,Maquina,4000,7340,7707,14680,15277.828054298643,16882,,https://drive.google.com/file/d/1ClazXrprJ5GH2t0YxR6KQ5tUwJctmU1l/view?usp=drive_link,
GUILLOTINA,HIDRAULICA GUILLOTINA,6x2500,3100x1700x1950,Maquina,4000,7860,8253,15720,16360.180995475113,18078,,https://drive.google.com/file/d/1ClazXrprJ5GH2t0YxR6KQ5tUwJctmU1l/view?usp=drive_link,
GUILLOTINA,HIDRAULICA SWING BEAM,6x3200,3800x1700x1950,Maquina,5000,8910,9355.5,17820,18545.701357466063,20493,,https://drive.google.com/file/d/1ClazXrprJ5GH2t0YxR6KQ5tUwJctmU1l/view?usp=drive_link,
GUILLOTINA,HIDRAULICA GUILLOTINA,6x3200,3800x1700x1950,Maquina,5000,9260,9723,18520,19274.20814479638,21298,,https://drive.google.com/file/d/1ClazXrprJ5GH2t0YxR6KQ5tUwJctmU1l/view?usp=drive_link,
GUILLOTINA,HIDRAULICA SWING BEAM,6x4000,4600x1700x1950,Maquina,7200,11000,11550,22000,22895.92760180995,25299.999999999996,,https://drive.google.com/file/d/1ClazXrprJ5GH2t0YxR6KQ5tUwJctmU1l/view?usp=drive_link,
GUILLOTINA,HIDRAULICA GUILLOTINA,6x4000,4600x1700x1950,Maquina,7200,11355,11922.75,22710,23634.84162895927,26116.499999999996,,https://drive.google.com/file/d/1ClazXrprJ5GH2t0YxR6KQ5tUwJctmU1l/view?usp=drive_link,
GUILLOTINA,HIDRAULICA SWING BEAM,8x2500,3100x1800x2050,Maquina,5000,8910,9355.5,17820,18545.701357466063,20493,,https://drive.google.com/file/d/1ClazXrprJ5GH2t0YxR6KQ5tUwJctmU1l/view?usp=drive_link,
GUILLOTINA,HIDRAULICA GUILLOTINA,8x2500,3100x1800x2050,Maquina,5000,9260,9723,18520,19274.20814479638,21298,,https://drive.google.com/file/d/1ClazXrprJ5GH2t0YxR6KQ5tUwJctmU1l/view?usp=drive_link,
GUILLOTINA,HIDRAULICA SWING BEAM,8x3200,3800x1800x2050,Maquina,6000,9280,9744,18560,19315.837104072398,21344,,https://drive.google.com/file/d/1ClazXrprJ5GH2t0YxR6KQ5tUwJctmU1l/view?usp=drive_link,
GUILLOTINA,HIDRAULICA GUILLOTINA,8x3200,3800x1800x2050,Maquina,6000,9600,10080,19200,19981.900452488688,22080,,https://drive.google.com/file/d/1ClazXrprJ5GH2t0YxR6KQ5tUwJctmU1l/view?usp=drive_link,
GUILLOTINA,HIDRAULICA SWING BEAM,8x4000,4600x1800x2050,Maquina,8000,11880,12474,23760,24727.601809954747,27323.999999999996,,https://drive.google.com/file/d/1ClazXrprJ5GH2t0YxR6KQ5tUwJctmU1l/view?usp=drive_link,
GUILLOTINA,HIDRAULICA GUILLOTINA,8x4000,4600x1800x2050,Maquina,8000,12400,13020,24800,25809.95475113122,28519.999999999996,,https://drive.google.com/file/d/1ClazXrprJ5GH2t0YxR6KQ5tUwJctmU1l/view?usp=drive_link,
GUILLOTINA,HIDRAULICA GUILLOTINA,8x6000,6700x1900x2250,Maquina,17000,27600,28980,55200,57447.963800904974,63479.99999999999,,https://drive.google.com/file/d/1ClazXrprJ5GH2t0YxR6KQ5tUwJctmU1l/view?usp=drive_link,
GUILLOTINA,HIDRAULICA GUILLOTINA,10x2500,3100x1850x2100,Maquina,6000,10660,11193,21320,22188.235294117643,24517.999999999996,,https://drive.google.com/file/d/1ClazXrprJ5GH2t0YxR6KQ5tUwJctmU1l/view?usp=drive_link,
GUILLOTINA,HIDRAULICA GUILLOTINA,10x3200,3800x1850x2100,Maquina,7000,11700,12285,23400,24352.941176470584,26909.999999999996,,https://drive.google.com/file/d/1ClazXrprJ5GH2t0YxR6KQ5tUwJctmU1l/view?usp=drive_link,
GUILLOTINA,HIDRAULICA GUILLOTINA,10x4000,4600x1850x2100,Maquina,9000,14500,15225,29000,30180.995475113123,33350,,https://drive.google.com/file/d/1ClazXrprJ5GH2t0YxR6KQ5tUwJctmU1l/view?usp=drive_link,
GUILLOTINA,HIDRAULICA GUILLOTINA,10x6000,6700x2000x2600,Maquina,20000,31980,33579,63960,66564.70588235294,73554,,https://drive.google.com/file/d/1ClazXrprJ5GH2t0YxR6KQ5tUwJctmU1l/view?usp=drive_link,
GUILLOTINA,HIDRAULICA GUILLOTINA,12x2500,3100x2000x2200,Maquina,7800,12700,13335,25400,26434.38914027149,29209.999999999996,,https://drive.google.com/file/d/1ClazXrprJ5GH2t0YxR6KQ5tUwJctmU1l/view?usp=drive_link,
GUILLOTINA,HIDRAULICA GUILLOTINA,12x3200,3800x2000x2200,Maquina,9000,15000,15750,30000,31221.719457013576,34500,,https://drive.google.com/file/d/1ClazXrprJ5GH2t0YxR6KQ5tUwJctmU1l/view?usp=drive_link,
GUILLOTINA,HIDRAULICA GUILLOTINA,12x4000,4600x2000x2250,Maquina,11000,16800,17640,33600,34968.325791855204,38640,,https://drive.google.com/file/d/1ClazXrprJ5GH2t0YxR6KQ5tUwJctmU1l/view?usp=drive_link,
GUILLOTINA,HIDRAULICA GUILLOTINA,12x6000,6700x2100x3000,Maquina,26000,38980,40929,77960,81134.84162895927,89654,,https://drive.google.com/file/d/1ClazXrprJ5GH2t0YxR6KQ5tUwJctmU1l/view?usp=drive_link,
GUILLOTINA,HIDRAULICA GUILLOTINA,16x2500,3100x2100x2300,Maquina,9000,14300,15015,28600,29764.70588235294,32890,,https://drive.google.com/file/d/1ClazXrprJ5GH2t0YxR6KQ5tUwJctmU1l/view?usp=drive_link,
GUILLOTINA,HIDRAULICA GUILLOTINA,16x3200,3800x2100x2400,Maquina,11000,17000,17850,34000,35384.61538461538,39100,,https://drive.google.com/file/d/1ClazXrprJ5GH2t0YxR6KQ5tUwJctmU1l/view?usp=drive_link,
GUILLOTINA,HIDRAULICA GUILLOTINA,16x4000,4600x2100x2500,Maquina,14000,19800,20790,39600,41212.66968325792,45540,,https://drive.google.com/file/d/1ClazXrprJ5GH2t0YxR6KQ5tUwJctmU1l/view?usp=drive_link,
GUILLOTINA,HIDRAULICA GUILLOTINA,20x2500,3100x2050x2400,Maquina,13000,17990,18889.5,35980,37445.24886877828,41377,,https://drive.google.com/file/d/1ClazXrprJ5GH2t0YxR6KQ5tUwJctmU1l/view?usp=drive_link,
GUILLOTINA,HIDRAULICA GUILLOTINA,20x3200,3800x2150x2400,Maquina,16000,23300,24465,46600,48497.73755656108,53589.99999999999,,https://drive.google.com/file/d/1ClazXrprJ5GH2t0YxR6KQ5tUwJctmU1l/view?usp=drive_link,
GUILLOTINA,HIDRAULICA GUILLOTINA,20x4000,4600x2200x2800,Maquina,17000,31970,33568.5,63940,66543.89140271493,73531,,https://drive.google.com/file/d/1ClazXrprJ5GH2t0YxR6KQ5tUwJctmU1l/view?usp=drive_link,
GUILLOTINA,ELECTRICA,1.5x1000,1500x750x1300,Empaque,400,1200,1260,2400,2497.737556561086,2760,,https://drive.google.com/file/d/1L8_eJBfpcAcjzdmldUEzmcY79U3Cgjep/view?usp=drive_link,
GUILLOTINA,ELECTRICA,1.5x1300,1800x750x1300,Empaque,420,1250,1312.5,2500,2601.809954751131,2875,,https://drive.google.com/file/d/1L8_eJBfpcAcjzdmldUEzmcY79U3Cgjep/view?usp=drive_link,
GUILLOTINA,ELECTRICA,1.5x1500,2000x750x1300,Empaque,450,1280,1344,2560,2664.2533936651585,2944,,https://drive.google.com/file/d/1L8_eJBfpcAcjzdmldUEzmcY79U3Cgjep/view?usp=drive_link,
GUILLOTINA,ELECTRICA,1.2x2500,2000x750x1300,Empaque,420,2000,2100,4000,4162.89592760181,4600,,https://drive.google.com/file/d/1L8_eJBfpcAcjzdmldUEzmcY79U3Cgjep/view?usp=drive_link,
GUILLOTINA,ELECTRICA,2x2000,2800x1200x1400,Empaque,1020,2600,2730,5200,5411.764705882352,5979.999999999999,,https://drive.google.com/file/d/1L8_eJBfpcAcjzdmldUEzmcY79U3Cgjep/view?usp=drive_link,
GUILLOTINA,ELECTRICA,2x2500,3200x1200x1400,Empaque,1220,2700,2835,5400,5619.909502262442,6209.999999999999,,https://drive.google.com/file/d/1L8_eJBfpcAcjzdmldUEzmcY79U3Cgjep/view?usp=drive_link,
GUILLOTINA,ELECTRICA,1.5x3000,3800x1200x1400,Empaque,1430,3780,3969,7560,7867.873303167421,8694,,https://drive.google.com/file/d/1L8_eJBfpcAcjzdmldUEzmcY79U3Cgjep/view?usp=drive_link,
GUILLOTINA,ELECTRICA,1.5x4000,4800x1200x1400,Empaque,1750,4980,5229,9960,10365.610859728507,11454,,https://drive.google.com/file/d/1L8_eJBfpcAcjzdmldUEzmcY79U3Cgjep/view?usp=drive_link,
GUILLOTINA,ELECTRICA,3x1300,2100x1200x1400,Empaque,830,2000,2100,4000,4162.89592760181,4600,,https://drive.google.com/file/d/1L8_eJBfpcAcjzdmldUEzmcY79U3Cgjep/view?usp=drive_link,
GUILLOTINA,ELECTRICA,3x1500,2300x1200x1400,Empaque,930,2200,2310,4400,4579.185520361991,5060,,https://drive.google.com/file/d/1L8_eJBfpcAcjzdmldUEzmcY79U3Cgjep/view?usp=drive_link,
GUILLOTINA,ELECTRICA,3x1600,2350x1200x1400,Empaque,1020,2280,2394,4560,4745.701357466063,5244,,https://drive.google.com/file/d/1L8_eJBfpcAcjzdmldUEzmcY79U3Cgjep/view?usp=drive_link,
GUILLOTINA,ELECTRICA,3x2000,3800x1200x1400,Empaque,1130,2980,3129,5960,6202.714932126696,6853.999999999999,,https://drive.google.com/file/d/1L8_eJBfpcAcjzdmldUEzmcY79U3Cgjep/view?usp=drive_link,
GUILLOTINA,ELECTRICA,3x2500,4250x1200x1400,Empaque,1450,3300,3465,6600,6868.778280542986,7589.999999999999,,https://drive.google.com/file/d/1L8_eJBfpcAcjzdmldUEzmcY79U3Cgjep/view?usp=drive_link,
GUILLOTINA,ELECTRICA,4x1300,2100x1200x1400,Empaque,920,2600,2730,5200,5411.764705882352,5979.999999999999,,https://drive.google.com/file/d/1L8_eJBfpcAcjzdmldUEzmcY79U3Cgjep/view?usp=drive_link,
GUILLOTINA,ELECTRICA,4x1500,2250x1200x1400,Empaque,1020,2750,2887.5,5500,5723.981900452488,6324.999999999999,,https://drive.google.com/file/d/1L8_eJBfpcAcjzdmldUEzmcY79U3Cgjep/view?usp=drive_link,
GUILLOTINA,ELECTRICA,4x1600,2400x1200x1400,Empaque,1120,2850,2992.5,5700,5932.126696832578,6554.999999999999,,https://drive.google.com/file/d/1L8_eJBfpcAcjzdmldUEzmcY79U3Cgjep/view?usp=drive_link,
GUILLOTINA,ELECTRICA,4x2000,3800x1200x1400,Empaque,1450,3950,4147.5,7900,8221.719457013574,9085,,https://drive.google.com/file/d/1L8_eJBfpcAcjzdmldUEzmcY79U3Cgjep/view?usp=drive_link,
GUILLOTINA,ELECTRICA,4x2500,4200x1200x1400,Empaque,1720,4450,4672.5,8900,9262.443438914028,10235,,https://drive.google.com/file/d/1L8_eJBfpcAcjzdmldUEzmcY79U3Cgjep/view?usp=drive_link,
GUILLOTINA,ELECTRICA,6x1300,2100x1200x1400,Empaque,1430,3650,3832.5,7300,7597.285067873303,8395,,https://drive.google.com/file/d/1L8_eJBfpcAcjzdmldUEzmcY79U3Cgjep/view?usp=drive_link,
GUILLOTINA,ELECTRICA,6x1600,2400x1200x1400,Empaque,1650,3800,3990,7600,7909.502262443439,8740,,https://drive.google.com/file/d/1L8_eJBfpcAcjzdmldUEzmcY79U3Cgjep/view?usp=drive_link,
CORTADORA LASER ,1500W,"📊 Configuración básica
Área de trabajo: 1500 × 3000 mm
Fuente láser: 1500W MAX brand
Cabezal láser: Swiss BM110 – Raytools
Enfriador: Water chiller 1500W – Hanli brand
Sistema de control: NC Studio
Voltaje: 220V – Monofásico
Garantía: 2,5 años",,,,10500,11025,21000,21855.2036199095,24149.999999999996,,,
CORTADORA LASER ,2000W,"📊 Configuración básica
Área de trabajo: 1500 × 3000 mm
Fuente láser: 2000W MAX brand
Cabezal láser: Swiss BM110 – Raytools
Enfriador: Water chiller 2000W – Hanli brand
Sistema de control: NC Studio
Voltaje: 220V – Monofásico
Garantía: 2,5 años",,,,11900,12495,23800,24769.230769230766,27369.999999999996,,,
CORTADORA LASER ,3000W,"📊 Configuración básica
Área de trabajo: 1500 × 3000 mm
Fuente láser: 3000W MAX brand
Cabezal láser: Swiss BM110 – Raytools
Enfriador: Water chiller 3000W – Hanli brand
Sistema de control: Raytool
Voltaje: 380V – Trifásico
Garantía: 3 años",,,,11300,11865,22600,23520.361990950223,25989.999999999996,,,
CORTADORA LASER ,6000W,"📊 Configuración básica
Área de trabajo: 1500 × 3000 mm
Fuente láser: 6000W MAX brand
Cabezal láser: Swiss BM115 – Raytools
Enfriador: Water chiller 6000W – Hanli brand
Sistema de control: Raytool
Voltaje: 380V – Trifásico
Garantía: 3 años",,,,17500,18375,35000,36425.33936651584,40250,,,